True Labels,Predicted Labels
1.603479951,1.6069714788979992
1.563527561,1.5835342988180028
1.679971773,1.6395202584080022
1.784210819,1.674462581541994
1.742556626,1.6292878855919966
1.499181903,1.7857013826720003
1.696929142,1.8409421412760025
1.409666361,1.7586211823740026
1.143406374,1.753559917556
1.809320896,1.8707618249860012
1.708824523,1.6870641460539995
