True Labels,Predicted Labels
1.902124671,1.866845995103999
1.92505594,1.8654449271920022
1.524213206,1.516129225230001
1.866359197,1.7627310476779996
1.98998922,1.756517870004
1.894557094,1.7058774532460004
1.966953015,1.8719433632019982
1.972478235,1.7264744946900001
1.879407843,1.7955037631800015
1.902439101,1.878540709802002
