True Labels,Predicted Labels
1.886384234,1.697206639232001
1.998333668,1.9064270481579992
1.496545603,1.8783085433320017
1.690126409,1.8475942884600027
1.241022447,1.7590582779260011
1.916843456,1.8985943823119962
1.856058204,1.7782707330860017
1.978887254,1.7700298117840008
1.95717618,1.7140619966359962
1.924738097,1.9103262624339958
