True Labels,Predicted Labels
1.867074141,1.7202795065460017
1.81488295,1.6488007443539996
1.526688814,1.2491273231559974
1.518239007,1.6829128036879966
1.973263672,1.8355558306100028
1.823300317,1.8242601106680045
1.707475526,1.8071281787519977
1.939224963,1.8806360279980021
1.956962996,1.7259929815300017
1.946412596,1.8771558508999995
