True Labels,Predicted Labels
1.769354902,1.8232409413700006
1.778458995,1.7409665477379972
1.982027551,1.7661421733659992
1.167791711,1.2690338401039987
1.394675454,1.786796308278
1.601329781,1.568497562108
1.934696492,1.8430336669299971
1.886048638,1.7320506992200058
1.948977088,1.867141701014005
1.787436077,1.6537941472299966
1.520099878,1.7709194447659988
