True Labels,Predicted Labels
1.712208355,1.887339073593998
1.458573976,1.7250867507339969
1.669877183,1.6787829774759937
1.634440796,1.7768582521219962
1.882855674,1.7733519245279978
1.779585546,1.8396513745759948
0.96179387,1.2778113912499955
1.968941241,1.7809890551619991
1.72891327,1.866436221440003
1.972424507,1.718824070261997
1.788676416,1.8584698108639957
