True Labels,Predicted Labels
1.950783651,1.6528522041199967
1.462967873,1.466726228949994
1.747844896,1.6309697876000013
1.889932258,1.7885977252259986
1.545778471,1.8001299962399986
1.9526185,1.5779576609960007
1.979142246,1.847138288993999
1.946037723,1.7966266356980058
1.557277861,1.7537804578239997
1.607004138,1.6533744053559962
1.993126495,1.8474532156420007
