True Labels,Predicted Labels
1.864650913,1.8490007523399965
1.548407696,1.8086641239379972
1.313322773,1.837926545955999
1.81472872,1.837251304872
1.335762207,1.3740717552439974
1.966173261,1.6802242780980026
1.184805251,1.3065839757079962
1.953587866,1.832718967008001
1.984729065,1.8302505392699993
1.748060142,1.705351106326002
1.792617332,1.8610462269120047
