True Labels,Predicted Labels
1.949799878,1.852496155943996
1.964094318,1.7039828116680016
1.816846536,1.6780216483340031
1.804648441,1.8693665135459974
1.332062925,1.5874958791800042
1.611842572,1.6901736555160054
1.890200218,1.667291072056005
1.794099225,1.8645651776599999
1.905834461,1.6826912500159978
1.602362763,1.6845892140179988
1.860001667,1.8847025079780035
