True Labels,Predicted Labels
1.92276911,1.664863402038
1.797491501,1.730528881043998
1.431470471,1.6107180559100052
1.833722756,1.7450144862220025
1.395596589,1.7805438136379994
0.706420602,1.582121888705997
1.788519332,1.747810929332002
1.778271942,1.682072183382003
1.930980003,1.7028172130580057
1.626218387,1.5342297467419992
1.891410342,1.784050977404003
