True Labels,Predicted Labels
3.41858474,4.355785
8.921902594,7.725914
4.961048346,3.598684
6.181383453,4.738697
6.02460452,4.4360433
12.49266076,4.7928357
6.541980152,7.812129
18.95473143,11.251613
10.04448514,7.12564
9.911859429,8.573792
