True Labels,Predicted Labels
0.0923487,3.5490425
6.399302514,3.3128746
2.351606476,1.6937075
5.820921583,6.052849
2.317855083,4.2708225
5.556567753,3.09555
2.336195381,1.8105133
6.149480644,6.3044853
10.459776,5.363879
6.127197039,5.791433
6.86572263,9.9225445
