True Labels,Predicted Labels
6.928356244,1.439553
0.174175943,0.9359978
0.677264295,1.4054496
3.775146306,3.042444
0.539507878,2.5518553
3.61238919,3.9372427
13.43564257,6.379415
5.196344826,5.711769
7.258381588,3.6046505
11.63729236,8.485618
3.0036326,3.0829308
