True Labels,Predicted Labels
0.181542941,4.10272
0.726782419,5.8916764
0.234307095,0.99184734
2.805852518,5.421102
5.996396438,6.9545712
4.0171145,2.729096
5.766074348,7.2657986
3.288545943,9.495911
6.9997515,3.6457531
0.455006261,4.5171475
7.765910438,9.150448
