True Labels,Predicted Labels
4.681488632,4.6225753
1.937352832,3.624226
3.114977124,3.4791486
2.97182418,8.048886
0.579943853,3.0717754
0.738275531,2.6934237
1.855412511,3.0868933
6.444169886,5.0615187
9.111823108,7.160684
8.449524343,6.870893
12.11597156,10.131722
