True Labels,Predicted Labels
1.523050712,4.9300995
7.498126216,2.7387946
3.450745508,1.7245722
7.799344294,4.251611
5.302778826,6.90653
5.037644188,8.826406
6.01160925,7.827477
7.126562303,10.853544
7.116682559,8.637729
10.19675194,8.885782
