True Labels,Predicted Labels
9.48948073,3.0865393
5.821834722,1.3535947
4.709550667,2.3584292
9.042249143,6.8812537
4.008262368,3.4284098
12.79312551,8.534606
2.416642263,7.0015984
12.50362304,8.882533
5.866144566,4.5159183
9.302562983,5.597017
10.88972311,8.461996
