True Labels,Predicted Labels
2.142717097,5.188694
7.97494161,7.408283
0.484797302,2.076136
4.570414667,4.926679
0.060846963,3.4638648
5.199959028,5.092406
9.23108602,9.573494
8.89473095,6.2459416
8.676568711,4.7896986
9.699662136,11.648554
