True Labels,Predicted Labels
1.442047811,4.222581
5.158470227,3.0132375
5.553749616,5.5382676
4.850253715,7.284836
3.998402138,4.789412
5.517654526,3.1314008
8.403873394,6.1808205
4.809819889,5.1173177
5.654467824,5.135517
6.396520474,8.856487
6.0936445,7.170799
