True Labels,Predicted Labels
4.488585748,4.6497736
4.499386868,2.3526177
0.010592515,5.2070594
1.725227998,1.9193286
4.778156967,3.8525207
3.206950937,3.2528255
8.797558441,6.39649
11.65045795,4.3702354
8.508641059,9.428682
9.880996067,7.588918
2.370249512,6.433152
