True Labels,Predicted Labels
6.928356244,1.9847128163664451
0.174175943,1.0456894117805429
0.677264295,1.3103802712705495
3.775146306,3.0484450144021547
0.539507878,2.9576148931306463
3.61238919,3.8005047868207598
13.43564257,6.432968195004717
5.196344826,5.23637085932923
7.258381588,4.700702580453854
11.63729236,9.590942068929051
3.0036326,3.7948818256156747
