True Labels,Predicted Labels
1.442047811,3.4319376722296213
5.158470227,3.51147979143207
5.553749616,6.371771284180592
4.850253715,5.873353905013992
3.998402138,4.968624417790894
5.517654526,3.583243022654165
8.403873394,7.243858169639437
4.809819889,5.47235762656858
5.654467824,5.752616573559965
6.396520474,8.529092244313505
6.0936445,7.747049240448812
