True Labels,Predicted Labels
9.48948073,4.978247376833899
5.821834722,1.9026995293444164
4.709550667,1.717746929601657
9.042249143,5.714634051301505
4.008262368,2.7702112993238925
12.79312551,10.904160000148254
2.416642263,4.776548224715733
12.50362304,8.816637770001462
5.866144566,5.131698275029374
9.302562983,5.134474182234948
10.88972311,9.591175791977568
