True Labels,Predicted Labels
1.523050712,5.115333612153626
7.498126216,2.2510982585355186
3.450745508,2.9103161555365293
7.799344294,4.608010651713248
5.302778826,7.332522591970793
5.037644188,10.02875739477787
6.01160925,8.208391704517343
7.126562303,10.618129660483177
7.116682559,9.863915958302655
10.19675194,8.663092125484434
