True Labels,Predicted Labels
3.41858474,5.217780818610952
8.921902594,6.791719661165874
4.961048346,3.0791287373220197
6.181383453,5.173107314189562
6.02460452,3.356168901509893
12.49266076,4.2373646563475855
6.541980152,8.958395412608985
18.95473143,12.27813476646438
10.04448514,9.108308113097817
9.911859429,8.601650691988237
