True Labels,Predicted Labels
4.681488632,4.558765176164467
1.937352832,5.288288568532842
3.114977124,3.2470942458683356
2.97182418,7.965377466564595
0.579943853,2.423756834046092
0.738275531,3.487758505269121
1.855412511,3.0848441800442132
6.444169886,5.774511363081995
9.111823108,7.874275818197898
8.449524343,6.9003344228934065
12.11597156,10.986786069793402
