True Labels,Predicted Labels
2.142717097,4.580993037063638
7.97494161,8.825239783282148
0.484797302,1.3846078675824696
4.570414667,6.152502383390471
0.060846963,4.395295301024353
5.199959028,5.326194249207074
9.23108602,8.87381680054957
8.89473095,4.160632918875297
8.676568711,5.309078578387249
9.699662136,9.857553153392589
