True Labels,Predicted Labels
0.181542941,5.81607578332318
0.726782419,4.6672522805606205
0.234307095,1.1743954820712965
2.805852518,4.557874783228378
5.996396438,7.787364483263214
4.0171145,3.124017663340159
5.766074348,8.799251840916243
3.288545943,7.863088727812403
6.9997515,5.186704684512478
0.455006261,4.4093786069932985
7.765910438,10.713076512181935
