True Labels,Predicted Labels
4.488585748,4.723041997427141
4.499386868,3.6207292186035738
0.010592515,5.065290592229315
1.725227998,1.634492005909535
4.778156967,2.488268557062647
3.206950937,2.9611713023346287
8.797558441,6.558564884363601
11.65045795,6.076078619283163
8.508641059,8.70065763072684
9.880996067,8.706395520334372
2.370249512,6.44324742084343
