True Labels,Predicted Labels
0.0923487,2.7875945741083785
6.399302514,4.0437815538117565
2.351606476,2.9962602444520097
5.820921583,6.857846957218219
2.317855083,4.557189370012218
5.556567753,1.6493148749926088
2.336195381,2.1400723256781373
6.149480644,5.379242165846885
10.459776,5.076082802947373
6.127197039,5.607624294684857
6.86572263,10.147636861641484
